#0:PFC	1:FBS_max	2:Gene1	3:Gene2	4:FBS_PPI	5:FBS_Metabolic	6:FBS_Signaling	7:FBS_Complex	8:LLR_MEX	9:LLR_PIN	10:LLR_SCL	11:LLR_PHP	12:LLR_MIR	13:LLR_TFB	14:LLR_PEX	15:LLR_GIN	16:LLR_DOM	17:LLR_QMS	18:LLR_HSA	19:LLR_MMU	20:LLR_RNO	21:LLR_CFA	22:LLR_GGA	23:LLR_DRE	24:LLR_CIN	25:LLR_DME	26:LLR_CEL	27:LLR_BTA	28:LLR_SCE	29:LLR_ATH	30:LLR_SPO	31:LLR_BSU	32:LLR_ECO	33:LLR_PFA	34:LLR_OSA	35:Max_category
1.000	17.810	Hif1a	MYC	17.810	10.438	6.449	6.941	2.538	10.562	3.526	0.933	0.000	0.399	-0.147		0.000		7.428	13.295	1.845	1.307	-0.175	0.240				0.000								PPI
0.999	13.708	Tbp	Kat5	11.521	13.708	2.845	2.562	6.176	2.113	2.884	2.287	0.093	0.213	-0.057				1.792	6.004	1.757	1.910		0.762		2.128	4.372		5.679							Metabolic
1.000	16.419	MYC	Msh6	16.419	13.325	5.150	1.114	3.258	5.840	5.292	1.080	0.317	0.778	-0.147				6.314	10.109	1.503	1.007	0.080					0.000			0.000					PPI
1.000	15.243	Trp53	Tbp	15.243	8.683	4.211	-1.398	2.495	8.317	5.292	0.000	0.317	0.000	-0.147			-1.031	8.939	5.294	1.910	-0.270		0.240												PPI
1.000	15.644	MYC	Actl6a	15.644	13.278	5.861	14.172	3.961	5.363	5.292	0.822	0.000	0.354	-0.147				8.563	6.254	3.204	0.857	0.773	-0.144												PPI
0.984	11.037	Tbp	Tcp1	10.411	11.037	2.749	2.032	3.148	2.108	2.884	3.201	0.093	-0.190	-0.277			0.071	1.525	6.572	1.878	1.217	-0.126	-0.276		1.141	2.321		1.020	0.067				-0.555	-1.086	Metabolic
1.000	23.638	Ruvbl2	Tcp1	14.364	19.375	4.313	23.638	3.367	11.637	1.877	3.264	0.097	0.452				2.945	6.760	14.522	2.587	1.430		-0.235		1.329	0.248		2.256	0.643	-0.010			0.889	2.492	Complex
1.000	19.985	Brd8	Ruvbl2	19.985	15.485	5.255	15.084	3.726	9.123	5.292	1.076	0.000	0.315	-0.147			0.599	7.304	13.228	1.699	0.127		-0.530		3.486										PPI
0.998	12.908	Jun	Tbp	12.908	9.571	3.281	-1.185	-0.232	7.085	5.292	0.719	0.317	0.669	0.087		0.000	-1.031	6.826	5.349	0.791	0.393	-0.175	-0.144		-0.157	0.195									PPI
1.000	17.343	Trp53	Sp1	17.343	9.852	8.401	6.789	2.811	12.107	3.526	0.000	0.317	-0.241	-0.147			-1.031	10.817	10.901	0.542			-0.144												PPI
0.964	10.184	Sp1	Actb	10.184	8.185	0.035	0.809	2.555	1.582	3.526	1.550	0.000	1.212	0.087			-0.328	0.669	5.141	0.868	0.127		0.367		0.588	-0.683		3.951		0.641					PPI
1.000	17.996	Jun	Sp1	17.996	10.017	7.095	6.086	1.362	10.059	5.292	1.123	0.000	1.338	-0.147			-1.031	6.959	14.050	0.370	0.496		-0.144		1.816	-0.702									PPI
1.000	16.328	Smc4	Ezh2	16.328	14.002	4.127	7.009	5.057	6.471	3.526	1.076	-0.490	0.000	0.087			0.599	1.723	14.610	1.820	2.668	0.080	0.240		1.508	2.029			1.282						PPI
1.000	15.946	Max	Ppp1ca (1 of 2)	15.946	9.845	3.729	8.866	2.280	8.177	5.292		-0.490	0.000	0.087			0.599	5.731	11.605	2.024			0.240		-0.771	-0.325									PPI
0.944	9.734	Tcp1	Ep400	9.734	8.594	1.936	1.043	3.104	1.888	3.526	0.719	0.000	0.644	-0.147				1.507	4.453	3.128	-0.368	-0.097			1.029	-0.421									PPI
1.000	17.931	Hdac1	Suz12	17.931	15.032	6.183	1.176	2.486	7.975	5.292	1.080	0.000	1.573	-0.147			-0.328	6.808	8.021		0.737	-0.097			7.313				5.134						PPI
0.968	10.316	Cebpb	Creb1	10.316	5.006	3.447	-4.562	-1.226	5.787	5.292	-1.003	0.000	0.778	0.087			0.599	6.799	4.116	-1.122		0.080	-0.144												PPI
1.000	17.904	Sirt1	Suz12	17.904	12.695	6.891	0.385	4.000	7.085	5.292	0.437	0.788	0.449	-0.147			0.000	7.788	8.619		2.929	-0.242			1.795										PPI
1.000	16.596	Hdac3	Tcp1	16.596	10.839	6.122	-0.554	3.696	7.085	5.292		0.000	0.669	-0.147				8.140	7.660	-0.182	0.098	0.080	-0.144		3.005										PPI
0.907	9.189	Brd8	Tcp1	8.921	9.189	1.180	-1.369	3.482	-0.154	2.884	1.378		0.811	0.361			0.427	0.950	5.854	1.718	0.741	0.084			3.141										Metabolic
0.973	10.476	Sirt1	Hdac1	10.476	8.135	2.320	-1.376	3.630	-1.073	5.292	1.080	0.317	1.142	0.087			0.000	0.778	8.394		0.408	-0.097	-0.144		3.357	-0.441									PPI
0.999	14.096	Sirt1	MYC	14.096	8.855	4.549	-1.829	1.652	5.840	5.292	0.437	0.788		0.087				7.396	7.294		-0.114	-0.175	-0.144												PPI
0.999	14.017	Tcp1	Actl6a	13.289	14.017	3.086	5.991	5.504	1.867	2.884	2.054	0.093	0.102	-0.134		0.000	1.647	4.709	7.544	4.536	1.875	0.559	0.310		2.072	2.592			3.353					2.221	Metabolic
1.000	15.975	Hdac1	MYC	15.975	12.084	5.888	2.139	2.855	7.136	5.292	1.080	0.000	-0.241	-0.147				9.076	7.022	1.901	1.687	-0.097	-0.144							0.000					PPI
1.000	17.360	Ruvbl2	Ep400	17.360	12.976	6.705	13.120	1.494	9.123	5.292	0.719	0.000	0.644	0.087				7.681	12.954	1.315	-0.207				1.552	-1.061									PPI
0.972	10.452	Smarcc1	Tbp	10.452	10.306	1.719	-0.525	2.878	2.863	3.526	1.267	0.317	0.778	-0.147		0.000	-1.031	-0.330	6.584	2.401	1.027	-0.097	-0.144		5.094	-0.229									PPI
1.000	15.620	Tbp	Actb	15.620	14.292	3.432	4.258	1.387	6.597	3.526	3.868	0.000	0.716	-0.147			-0.328	6.804	8.165	1.651	0.393	0.080	0.367		-0.639	-0.299		0.733	-1.189				-0.736	0.239	PPI
0.930	9.496	Ezh2	Actb	9.496	6.291	2.891	-3.055	0.724	3.199	5.292	0.871	0.000	0.354	0.087			-1.031	-0.542	6.814	0.329	-0.270	0.080	-0.144		-0.426	-0.389			2.673						PPI
0.999	14.488	Ep400	Actb	12.761	11.218	5.096	14.488	2.520	8.388	1.877	1.154	-0.078	0.626					3.128	9.679	2.379	0.088	-0.089			0.483	-0.486									Complex
1.000	17.257	Ruvbl2	Tbp	17.257	14.159	5.693	4.727	3.159	7.468	5.292	2.117	0.000	-0.303	-0.147			-0.328	7.078	8.438	2.458	2.077		1.133		0.990	1.745		4.425	0.173				0.509	1.042	PPI
0.993	11.890	Trp53	Tcp1	11.890	8.854	4.480	-0.658	1.687	7.083	3.526	0.000	0.000	-0.858	-0.147			0.599	7.784	2.558	1.556	-0.216		-0.144				0.000								PPI
1.000	20.871	Ruvbl2	Actl6a	20.871	18.979	6.541	15.388	3.469	9.350	5.292	0.858	0.000	0.644	0.087			1.172	9.784	14.812	2.841	1.452		0.367		2.916	1.885			1.070					2.396	PPI
0.999	13.568	Tbp	Sp1	13.568	7.989	3.005	-0.249	0.071	6.655	5.292	1.550	0.317	0.626	0.087			-1.031	6.247	7.236	0.798	0.652		1.174		1.351	-0.683		0.803							PPI
1.000	20.124	Ppp1ca (2 of 2)	Tcp1	10.511	13.393	2.501	20.124	2.600	8.200	1.877	3.264	0.089	0.606			0.196	3.292	5.924	13.594	2.192			-0.428		0.956	1.004		0.654	0.105	-0.010			0.000	0.289	Complex
0.803	8.315	Smarcc1	Jun	8.315	6.488	3.929	-2.944	0.624	1.888	5.292	0.822	0.317	0.315	0.087		0.000	-1.031	2.140	5.865	0.254	0.344	-0.097	-0.144		0.019	-0.702									PPI
0.869	8.803	Trp53	Lrpprc	8.803	8.149	3.880	-3.954	0.387	5.840	2.305	0.933	-0.490	-0.858	0.087			0.599	7.092	1.604	-0.641	-0.216						-0.423								PPI
0.932	9.530	Ppp1ca (1 of 2)	Kat5	5.525	9.530	1.026	1.462	3.774	-0.310	2.884	2.287	0.540	0.291	0.064				2.608	5.698	3.246			-0.239		1.781	2.549		0.578		-1.103					Metabolic
0.879	8.888	Brd8	Tbp	8.609	8.888	1.304	-1.777	4.838	-0.154	2.884	1.580		0.647	0.064			-0.972	0.206	5.726	2.473	0.594	0.214			4.931										Metabolic
1.000	16.614	Tcp1	Msh6	16.614	15.733	4.478	6.776	4.729	2.786	5.292	2.117	0.000	0.601	0.087			1.001	3.400	12.336	2.260	1.785	-0.175			1.303	0.290	0.312	2.269	2.538	0.000			-0.736		PPI
1.000	23.234	Ruvbl2	Actb	18.084	14.370	6.349	23.234	2.427	11.309	1.877	3.264	0.097	0.095		1.222		2.945	7.232	12.635	1.479	1.296		0.193		2.653	0.548		4.754	-0.464	-0.010			0.000	-0.107	Complex
0.964	10.183	Ppp1ca (1 of 2)	Creb1	10.183	8.209	3.727	-1.179	0.673	5.787	3.526	0.000	-0.490		0.087			0.599	7.691	3.237	-0.621			-0.144											-0.620	PPI
0.998	13.158	Ppp1ca (2 of 2)	Smarcc1	9.785	13.158	2.631	4.453	2.909	3.065	2.884	1.613	-0.246	0.460	0.904			1.568	7.795	5.643	1.588			-0.058		1.064	-0.543									Metabolic
1.000	19.603	Hdac1	Ppp1ca (1 of 2)	19.603	17.171	5.339	15.388	2.916	8.149	5.292	2.117	-0.490	0.360	0.087			1.172	5.932	15.177	2.266			0.240		0.076	1.405		2.418	0.460	-1.185			-0.293	-0.404	PPI
0.986	11.149	Suz12	Actl6a	11.149	10.939	2.515	0.097	2.278	1.888	5.292	0.822	0.317	1.027	-0.147			-0.328	2.198	8.650		1.027	-0.175			1.471				0.630						PPI
1.000	18.697	Ruvbl2	Msh6	15.506	18.592	4.958	18.697	2.524	9.518	1.877	3.264	0.065	-0.345			0.196	1.599	4.559	13.601	0.927	1.700				0.556	1.463		1.769	0.740	-0.010			-0.094		Complex
0.999	13.797	Hdac3	Ezh2	13.797	13.026	6.180	10.738	2.999	6.641	3.526		0.000	0.778	-0.147				8.809	3.796	-0.182	0.098	-0.175	0.240		2.345										PPI
0.909	9.210	Hdac1	Sirt6	9.210	8.584	-0.362	-0.156	3.636	-1.022	3.526	2.204	0.000	0.778	0.087				-0.020	8.568	1.042	0.756	-0.097				0.566			1.892						PPI
1.000	18.713	Kat5	Actb	18.713	13.222	3.319	12.940	-0.562	12.149	5.292	2.005		0.983	-0.147		-1.007		8.789	14.116	1.451	1.120		-0.601		0.041	-0.389		6.583		-1.185					PPI
0.956	9.988	Smarcc1	Ezh2	9.988	8.690	0.522	-1.654	2.930	-1.073	5.292	0.822	0.317	0.778	1.249			-0.328	1.475	8.322	1.487	0.098	-0.242	-0.144		2.296	-0.702									PPI
1.000	15.613	Smarcc1	Sp1	15.613	12.019	5.653	13.492	2.663	5.363	5.292	1.211	0.317	1.008	0.087			-0.328	7.358	5.790	0.652	0.282		-0.144		3.287	-0.254									PPI
1.000	19.396	Lrpprc	Tcp1	15.679	15.205	3.980	19.396	3.316	8.787	1.877	1.154	0.097	0.347				3.818	7.898	13.975	0.354	2.193	-0.089			1.524				0.664					1.218	Complex
0.994	12.017	Npm1	Ruvbl2	12.017	11.122	3.431	1.199	3.802	5.094	2.305	0.000	0.000	-0.610	0.087			1.340	8.976	3.373	2.647	1.452		-1.316		3.318										PPI
1.000	16.757	Smarcc1	Actb	16.757	14.571	5.928	4.558	2.003	8.111	3.526	0.858	0.000	1.573	0.087			0.599	9.396	6.047	1.458	0.749	-0.175	-0.144		4.092	-0.229									PPI
0.994	12.089	Kat5	Tcp1	11.525	12.089	1.016	2.618	3.179	2.528	2.884	2.883	0.093	0.581	-0.057				1.031	6.831	2.828	2.049		-0.517		1.747	1.297		0.925		-0.226					Metabolic
0.979	10.762	Suz12	Msh6	10.762	8.718	2.216	-0.587	4.594	-1.073	5.292	1.080	0.317	1.027	-0.147			-0.328	-0.484	10.726		2.292	-0.175			2.116		0.000		1.753						PPI
0.949	9.828	Creb1	Ezh2	9.828	7.057	2.720	-2.626	3.279	-1.022	5.292	1.977	0.000	0.778	-0.147			-0.328	-0.333	8.396	-0.296	2.668	-0.175	-0.144												PPI
0.906	9.168	Smc4	Smarca4	3.152	9.168	0.005	-2.456	5.724	-0.310	2.884	2.287	0.093	-0.774	0.064			-0.800	-0.392	5.620	0.712	2.038				1.648	5.312	0.082	0.777	1.586	0.078			-0.621		Metabolic
0.995	12.142	Creb1	Smarca4	12.047	9.186	3.052	12.142	0.453	8.395	1.877	1.154	0.000	-0.037			0.300		2.515	10.443	-0.832	0.808														Complex
1.000	21.056	Ppp1ca (2 of 2)	Actb	18.577	18.217	5.514	21.056	3.731	8.123	1.877	3.264	0.074	0.562		0.000	0.300	3.127	6.382	11.935	2.507			-0.428		1.008	-0.108		3.089	-0.803	-0.010			1.994	-0.399	Complex
0.992	11.753	Max	Ep400	11.753	9.746	4.193	-1.263	1.414	7.085	2.305		0.317	0.778	-0.147				7.289	2.820	0.914	0.151				1.073	-0.702									PPI
1.000	15.748	Sirt1	Ezh2	15.748	10.853	4.194	-0.987	3.065	7.085	5.292	0.437	0.788	0.000	0.087		-1.007	0.000	8.388	7.142		0.098	-0.242	0.367		1.398	1.567									PPI
0.854	8.678	Sirt1	Smarcc1	8.038	8.678	1.679	-0.127	4.252	-0.154	2.884	0.945	-0.246	0.464	0.904		-0.517	0.145	2.124	4.114		1.169	-0.270	-0.517		4.549	-1.626									Metabolic
0.865	8.766	Hif1a	Smarca4	8.766	8.361	3.921	-0.471	1.680	5.840	1.243	-0.483	0.000	0.399	0.087				5.599	0.739	0.959	1.162					0.373	0.000								PPI
0.997	12.769	Kat5	Creb1	12.769	9.072	2.948	-0.320	1.294	5.840	5.292	0.719		0.778	-0.147		-1.007		6.834	5.983	-0.638	0.876		-0.144												PPI
1.000	15.871	MYC	Sirt6	15.871	8.842	5.601	7.360	1.937	10.562	3.526	0.000	0.000	-0.241	0.087				6.271	12.651	1.505	0.151	-0.242					0.000								PPI
0.999	14.002	MYC	Ppp1ca (1 of 2)	14.002	9.516	2.534	1.144	2.887	5.145	5.292	1.080	-0.490		0.087				6.945	7.323	1.865			0.240							0.000					PPI
0.982	10.887	Sp1	Ppp1ca (1 of 2)	10.406	10.887	2.279	0.349	2.244	3.274	2.884	1.378		0.675	0.361			0.071	1.599	4.800	0.898			0.843		0.106	-0.419		4.272		1.086					Metabolic
0.994	12.054	Creb1	Msh6	8.163	8.744	2.294	12.054	1.397	6.758	1.877	1.528	-0.124	-0.037				0.655	1.096	9.688	-0.438	1.437	-0.238													Complex
1.000	19.381	Hdac1	Trp53	19.381	12.347	7.593	10.621	2.573	11.688	5.292	0.000	0.000	-0.858	0.087			0.599	12.190	11.368	1.697	0.731		0.240												PPI
0.999	14.208	MYC	Lrpprc	14.208	10.952	5.102	-1.134	3.256	7.136	3.526	0.933	-0.490	-0.241	0.087				9.829	5.266	-1.473	0.467	0.080					0.000								PPI
1.000	15.271	Sp1	MYC	15.271	9.524	6.207	-0.387	3.231	7.136	5.292	0.000	0.000	-0.241	-0.147				9.488	6.346	0.885	-0.437		-0.144							0.000					PPI
0.983	10.963	Ppp1ca (1 of 2)	Msh6	8.194	10.963	0.856	3.689	0.808	3.590	2.884	3.201		-0.268	0.361		-0.517	0.904	4.002	6.512	0.896					0.767	0.346		0.120	-1.401	-0.226			0.174		Metabolic
1.000	14.514	MYC	Ezh2	14.514	10.116	5.895	-0.696	3.016	5.840	5.292	0.437	0.317	-0.241	-0.147				7.563	7.618	0.889	1.263	0.080	0.240												PPI
1.000	15.705	Ppp1ca (2 of 2)	Max	15.705	9.386	3.729	8.865	2.280	8.177	5.292		-0.490	-0.241	0.087			0.599	5.731	11.400	2.024			0.240		-0.771	-0.325									PPI
0.999	14.007	Trp53	MYC	14.007	8.437	4.505	-0.603	4.289	3.882	5.292	0.933	0.000	-0.241	-0.147				7.586	5.900	2.040	0.976		0.240				0.312								PPI
0.932	9.520	Ppp1ca (2 of 2)	Tbp	8.436	9.520	2.044	2.361	2.138	1.263	2.884	3.201	-0.246	0.147	0.064			0.071	2.137	4.958	1.698			0.762		1.201	1.352		2.606	-0.168				-1.722	-0.653	Metabolic
0.994	12.095	Smarcc1	Hdac3	9.688	11.275	4.305	12.095	1.343	8.389	1.877		0.116	0.372					3.619	9.446	-0.255	0.074	-0.326	0.000		0.298										Complex
0.828	8.481	Npm1	Actl6a	7.945	8.481	1.952	2.995	4.392	-0.154	1.417	0.185		1.008	0.064			1.568	4.027	5.166	3.814	1.912	0.079	0.614		3.932										Metabolic
1.000	17.199	MYC	Smarca4	17.199	10.572	6.047	7.218	1.264	10.078	5.292	0.719	0.000	-0.241	0.087				7.496	13.948	0.316	0.857						0.000			0.000					PPI
1.000	16.497	MYC	Kat5	16.497	11.771	6.451	8.259	2.065	9.529	5.292	0.000		-0.241	-0.147				8.355	11.135	0.909	0.151		1.133							0.000					PPI
0.997	12.658	Suz12	Tcp1	10.267	12.658	2.904	11.841	3.348	4.708	2.884	0.903		1.046	0.064			-0.295	0.089	7.655		2.365	1.338			1.285		-0.089		5.048						Metabolic
1.000	15.097	MYC	Creb1	15.097	9.343	5.387	-1.290	3.186	5.840	5.292	0.933	0.000	-0.241	0.087				7.113	5.900	-0.668	2.787	-0.175	-0.144				-0.423								PPI
0.956	9.997	Brd8	Hdac3	5.811	8.923	2.799	9.997	1.721	5.708	1.877		0.065	0.626					0.400	7.435	0.444	0.266	-0.219			1.885										Complex
0.967	10.298	Ppp1ca (2 of 2)	Sp1	9.393	10.298	2.403	-0.281	2.244	3.274	2.884	1.378		0.334	0.361			-0.178	1.599	4.235	0.898			0.843		0.106	-0.419		4.272		1.086					Metabolic
0.998	12.911	Smarcc1	Ppp1ca (1 of 2)	10.289	12.911	2.308	4.087	2.909	3.065	2.884	1.613	-0.246	0.523	0.904			1.259	7.795	5.244	1.588			-0.058		1.064	-0.543									Metabolic
1.000	24.282	Smarcc1	Smarca4	24.282	16.905	7.857	14.197	3.331	13.277	5.292	1.267	0.000	1.027	0.087		0.000	0.000	10.612	17.383	2.532	1.604				11.014	-0.702									PPI
0.995	12.189	Brd8	Smarca4	7.228	10.606	1.831	12.189	1.966	6.752	1.877	1.425	-0.110	0.152			0.128		0.320	10.732	1.639	0.722				0.558										Complex
0.999	13.856	Brd8	Msh6	9.220	12.523	2.736	13.856	3.358	6.752	1.877	1.914	-0.059	-0.037			-0.604	0.655	1.201	10.805	3.214	0.596	-0.113			0.408										Complex
0.999	13.528	Hdac3	Smarca4	13.528	12.393	6.638	-0.114	3.024	7.085	2.305		0.000	1.027	0.087				8.365	3.980	0.923	1.263				2.550										PPI
0.878	8.880	Hif1a	Actb	7.390	8.880	1.530	0.827	3.457	2.537	2.884	0.273	-0.246	-0.088	0.064				5.502	3.191	1.669	1.275	0.165	-0.257			0.873									Metabolic
0.990	11.524	Brd8	Actb	10.992	9.986	2.507	11.524	1.308	8.389	1.877	1.914	-0.110	0.347				-2.200	0.689	11.241	1.067	-0.298	0.067			0.569										Complex
0.940	9.665	Tbp	Ppp1ca (1 of 2)	9.484	9.665	2.072	2.364	2.138	1.263	2.884	3.201	-0.246	0.291	0.064			0.071	2.137	5.839	1.698			0.762		1.201	1.352		2.606	-0.168				-1.722	-0.653	Metabolic
0.981	10.837	Brd8	Ezh2	7.694	10.837	2.517	9.409	4.007	1.455	2.884	0.945		1.055	0.064			0.427	1.433	8.016	0.201	0.222	-0.179	-0.559		3.450										Metabolic
0.988	11.324	Npm1	Msh6	9.861	11.324	4.231	2.612	5.634	1.867	1.417	0.273		1.203	-0.134			1.065	4.346	7.668	2.482	2.151	-0.004			2.469										Metabolic
0.976	10.631	Ppp1ca (1 of 2)	Actl6a	9.382	10.631	1.194	4.848	3.479	1.867	2.884	1.613	-0.246	0.523	0.064		-0.517	0.963	5.359	4.649	3.355			-0.412		1.507	1.101			-1.944					0.216	Metabolic
1.000	19.591	Smarcc1	Msh6	13.274	14.358	4.007	19.591	2.893	8.742	1.877	2.083	0.125	0.347			0.300	3.225	6.556	13.596	2.626	1.508	-0.284			0.193	-0.596									Complex
0.960	10.088	Ppp1ca (2 of 2)	Smarca4	8.100	10.088	2.137	3.214	1.422	3.590	2.884	2.287	0.093	0.171	0.361		-0.517	-0.203	4.757	6.112	0.861					1.155	1.818		1.222	-1.341	-1.103			-0.555		Metabolic
0.960	10.081	Kat5	Ezh2	8.598	10.081	0.935	-2.804	5.087	-0.154	2.884	0.903	0.093	1.203	0.064				1.259	4.947	0.054	0.405		1.076		3.234	3.917									Metabolic
0.950	9.852	Ppp1ca (1 of 2)	Smarca4	7.859	9.852	2.013	3.881	1.422	3.590	2.884	2.287	0.093	-0.268	0.361		-0.517		4.757	5.973	0.861					1.155	1.818		1.222	-1.341	-1.103			-0.555		Metabolic
0.991	11.593	Max	Kat5	11.593	10.156	4.573	0.113	2.619	5.789	2.305			1.027	-0.147				7.245	2.741	1.384	0.520		0.240		0.423	1.377									PPI
0.991	11.650	Smarcc1	Cebpb	11.650	7.623	4.117	-3.440	0.531	7.136	5.292	-1.188	0.000	0.354	-0.147			-0.328	7.308	3.276	0.338		-0.097	-0.144												PPI
1.000	16.748	Actl6a	Actb	16.748	13.835	5.921	16.079	0.468	7.941	5.292	1.267	0.000	1.027	-0.147		0.000	0.900	7.588	6.766			-0.175			3.625	0.477			-0.307						PPI
1.000	17.661	Smc4	Msh6	15.698	17.661	5.028	2.924	6.710	2.978	2.884	3.201		0.405	0.064			1.419	5.856	10.795	1.740	2.500	0.250			2.962	5.245	0.617	1.742	2.358	-0.226		0.349	0.726		Metabolic
0.998	12.906	Hdac1	Npm1	12.906	12.486	5.861	4.446	3.590	5.766	1.243	0.000	0.000	1.008	-0.147			1.446	8.923	3.869	2.479	0.842	-0.097	-0.144		3.452										PPI
0.988	11.278	Ruvbl2	Suz12	11.202	9.224	3.652	11.278	1.059	7.345	1.877	1.528	-0.110	0.372				-0.792	1.465	8.401		1.281				0.723				-0.173						Complex
1.000	20.183	Hdac1	Ruvbl2	20.183	18.678	6.331	15.419	5.570	7.696	5.292	0.000	0.000	0.601	-0.147			1.172	11.260	8.012	1.670	0.842		0.240		3.617	1.077		2.309	0.779	0.641			0.749	-0.203	PPI
0.997	12.765	Smarcc1	Tcp1	12.765	11.795	3.106	3.769	4.351	1.888	3.526	1.267	0.000	0.644	0.087			1.001	3.379	7.148	2.060	1.878	-0.097	-0.144		3.929	0.194									PPI
1.000	16.193	Ruvbl2	MYC	16.193	11.858	4.844	1.243	2.053	7.136	5.292	1.080	0.000	0.778	-0.147				8.098	7.700	1.651	0.520		0.240							0.641					PPI
0.999	14.038	Brd8	Smarcc1	10.453	10.755	0.904	14.038	2.480	6.752	1.877	1.260	0.471	0.347			0.196	0.655	1.286	11.183	2.386	0.418	-0.219			0.558										Complex
0.987	11.233	Smarcc1	Creb1	8.101	8.116	3.275	11.233	2.103	6.758	1.877	0.941	-0.046	-0.037			-1.019	0.655	1.665	9.620	-0.989	1.349	0.060	0.000												Complex
0.969	10.348	Hdac1	Lrpprc	10.348	10.061	1.013	5.043	2.897	1.888	2.305	1.080	0.000	0.644	0.087			1.446	4.216	6.277	-0.641	0.381	-0.097			0.966				1.544					0.239	PPI
1.000	14.952	Brd8	MYC	14.952	9.708	3.445	6.973	1.473	8.203	5.292	0.437	0.317	-0.858	0.087				3.275	12.811	1.000	-0.286	0.080													PPI
0.991	11.562	Ppp1ca (2 of 2)	Msh6	8.805	11.562	1.439	4.448	0.808	3.590	2.884	3.201		0.171	0.361		-0.517	1.065	4.002	7.376	0.896					0.767	0.346		0.120	-1.401	-0.226			0.174		Metabolic
1.000	17.380	Klf4	MYC	17.380	10.941	4.232	13.004	4.034	7.094	5.292	0.437	0.317	0.354	-0.147				6.614	12.552	3.199	-0.437		-0.144				0.000								PPI
0.802	8.304	Sirt1	Smc4	6.598	8.304	1.780	-0.746	4.568	-0.154	2.884	0.903	0.093	-0.310	-0.134			0.454	1.449	7.451		1.113	0.124	-0.412		1.706	2.061									Metabolic
1.000	16.902	Ppp1ca (2 of 2)	Lrpprc	4.418	6.980	0.953	16.902	1.192	8.787	1.877	1.528	-0.078	0.372				3.225	6.290	10.953	0.862					0.569				-0.208					0.209	Complex
0.978	10.680	Sirt1	Ruvbl2	10.680	9.194	1.646	-0.177	2.479	1.888	5.292	0.719	0.000	0.449	-0.147				2.392	7.156		0.876		-0.144		-0.233	1.598									PPI
1.000	14.634	Smc4	Actl6a	11.478	14.634	2.990	3.799	6.813	1.867	2.884	1.613	0.093	0.464	-0.057			0.956	5.631	6.884	2.786	0.857	-0.270	-0.191		2.108	6.178			2.191						Metabolic
0.961	10.103	Msh6	Actb	9.145	10.103	0.580	2.953	2.063	1.255	2.884	3.201		0.154	-0.057			0.604	0.890	6.671	1.085	1.319	0.398			0.744	-1.403		1.004	-1.339	-0.493			0.408		Metabolic
0.986	11.143	Lrpprc	Ezh2	11.143	8.948	3.751	-1.276	3.900	3.831	2.305	1.977	0.000	-0.628	0.087			-0.328	4.206	6.592	-0.874	-0.270	-0.097			1.607				0.835						PPI
1.000	14.724	Hdac1	Hdac3	14.724	9.863	7.557	9.569	0.879	7.822	5.292		0.000	0.644	0.087		0.000		8.404	5.146	-0.182		-0.097	0.240		0.283										PPI
0.998	13.216	Hdac1	Brd8	8.920	11.499	0.849	13.216	1.461	6.752	1.877	2.158	-0.059	0.372				0.655	1.257	10.591	0.574	0.495	-0.089			1.349										Complex
1.000	15.138	Trp53	Actl6a	15.138	10.137	4.887	0.083	3.765	5.840	5.292	0.000	0.317	0.399	-0.147			-0.328	8.318	5.876	2.516	0.098		-0.144												PPI
0.988	11.347	Smc4	Smarcc1	11.347	11.074	3.037	3.893	4.032	1.888	3.526	0.858	-0.490	0.000	0.087			1.446	5.129	5.464	1.655	1.340	-0.242	-0.144		2.592	-0.291									PPI
0.975	10.588	Smc4	Actb	8.859	10.588	-0.445	3.907	2.106	2.392	2.884	3.201	-0.802	0.265	0.064			0.479	4.398	6.932	0.866	0.376	-0.203	-0.167		0.718	-1.725		0.973	-0.693	-0.493			-0.555		Metabolic
0.999	14.260	Cebpb	MYC	14.260	11.196	4.775	-1.087	3.690	5.840	5.292	-1.003	0.000	0.354	0.087				7.543	4.995	3.361		-0.097	-0.144												PPI
0.805	8.323	Smc4	Ep400	7.785	8.323	2.025	-0.148	1.537	2.534	2.884	0.903		0.523	-0.057				3.040	4.490	1.194	0.311	-0.179			1.855	-1.612									Metabolic
1.000	17.977	Klf4	Smarca4	17.977	10.048	4.717	7.688	0.728	10.562	5.292	0.871	0.317	0.354	-0.147				5.339	15.163	0.092	0.127					0.897	-0.423								PPI
1.000	17.932	Brd8	Kat5	17.932	12.512	5.607	9.468	2.249	9.511	5.292	0.000		1.027	-0.147				7.875	13.118	1.974	0.647		0.000		1.847										PPI
1.000	16.341	Smarcc1	Kat5	16.341	12.216	4.760	2.237	3.714	5.094	5.292	0.581		1.573	0.087				7.174	6.852	1.314	1.340		-0.144		4.310	-1.604									PPI
0.983	10.992	Npm1	Hdac3	10.873	10.992	4.581	0.298	4.055	3.065	2.884			1.046	-0.057				5.673	4.025	-0.150	0.000	-0.179	-0.517		3.835										Metabolic
0.998	12.922	Trp53	Ep400	12.922	8.612	5.595	-1.510	2.041	5.840	5.292	0.437	0.317	-0.858	-0.147				6.406	5.134	1.832	0.731														PPI
0.948	9.810	Ppp1ca (2 of 2)	Kat5	5.766	9.810	1.026	1.462	3.774	-0.310	2.884	2.287	0.540	0.571	0.064				2.608	6.222	3.246			-0.239		1.781	2.549		0.578		-1.103					Metabolic
0.996	12.530	Creb1	Actl6a	6.058	9.040	2.138	12.530	2.381	6.758	1.877	0.941	-0.046	-0.037				0.655	2.100	9.977	0.892	1.437	0.328	-0.428											-0.337	Complex
0.965	10.214	Ppp1ca (2 of 2)	Creb1	10.214	8.205	3.724	-1.288	0.306	5.787	3.526	0.000	-0.490	0.399	0.087			0.599	7.691	2.848	-0.621			-0.144											-0.620	PPI
0.978	10.725	Trp53	Msh6	10.725	8.527	3.401	-1.856	0.926	5.840	5.292	0.000	0.000	-0.858	-0.147			-0.328	5.965	4.706	0.715	-0.270						0.312								PPI
0.890	9.003	Ppp1ca (2 of 2)	Trp53	8.833	9.003	2.053	-0.946	3.031	3.056	2.884	0.450		-0.483	0.361			-0.295	5.995	3.112	1.704			-0.239												Metabolic
1.000	15.809	Smc4	Ruvbl2	11.754	15.809	2.784	6.073	6.211	2.392	2.884	3.201	0.093	-0.294	0.064			1.259	4.129	9.294	-0.331	1.769		0.629		3.345	3.650		1.475	0.478	-0.226			-1.106		Metabolic
0.866	8.776	Hif1a	Npm1	8.776	7.787	5.909	-0.873	3.827	1.939	2.305	1.394	0.317	-0.858	-0.147				2.975	3.691	3.581	1.915	-0.097	0.367												PPI
0.942	9.691	Trp53	Ppp1ca (1 of 2)	9.691	9.485	2.056	-0.947	2.578	3.828	3.526	0.000	0.000		0.087			-0.328	5.699	3.727	1.764			0.240												PPI
0.976	10.634	Trp53	Brd8	10.634	6.091	1.806	-2.951	1.189	3.882	5.292	0.437	0.317	-0.241	0.087			-0.328	3.313	5.520	1.294			-0.530												PPI
1.000	17.264	MYC	Ep400	17.264	10.425	6.026	8.346	1.565	9.529	5.292	0.437	0.000	0.354	0.087				7.844	12.519	1.520	0.418	-0.097													PPI
0.988	11.279	Sp1	Actl6a	8.114	9.451	3.254	11.279	1.726	6.758	1.877	1.047	0.116	0.480				-0.724	1.459	8.672	1.109	0.371		0.303		0.633	-0.427									Complex
0.905	9.161	Tbp	Msh6	9.161	8.791	2.473	0.438	3.774	1.593	3.526	2.117	0.000	-0.671	-0.147			-1.031	-1.446	5.589	3.267	1.843	0.773			0.179	0.749		3.122	0.463				-0.736		PPI
1.000	20.861	Hdac1	Cebpb	20.861	12.224	4.413	9.354	2.074	10.997	5.292	1.033	0.000	0.778	0.087			0.599	9.581	15.139	0.954		-0.242	-0.144												PPI
0.999	14.003	Trp53	Smarca4	14.003	9.920	5.865	8.436	1.405	10.078	3.526	0.000	0.000	-0.858	-0.147				6.802	10.142	1.525	-0.270						0.000								PPI
1.000	17.989	Sirt1	Jun	17.989	8.856	6.732	8.345	0.643	10.997	5.292	0.437	0.317	0.449	-0.147				7.929	13.689		0.700	-0.242	-0.144		-0.874	0.195									PPI
1.000	16.319	Jun	MYC	16.319	10.808	5.675	-0.286	4.642	5.840	5.292	0.933	0.000	-0.241	-0.147				7.490	8.052	3.331	0.875	0.648	-0.144				-0.423								PPI
0.957	10.014	Smarcc1	Suz12	10.014	8.008	3.066	-1.543	2.853	-1.073	5.292	0.822	0.788	1.573	0.087			-0.328	0.082	8.745		1.752	0.080			2.016										PPI
1.000	23.734	Smarca4	Actl6a	23.734	16.064	5.694	13.900	3.198	12.863	5.292	1.267	0.000	1.027	0.087			0.000	8.217	16.878	1.359	1.400				11.417	1.988			1.659						PPI
1.000	19.420	Tcp1	Ezh2	19.420	14.131	4.969	9.257	3.998	9.264	3.526	0.871	-0.490	0.354	0.087			1.810	-0.698	17.279	0.727	-0.270	0.648	-0.144		1.604	0.280	0.312		4.955						PPI
1.000	16.365	Smarcc1	MYC	16.365	10.708	5.230	0.389	2.591	7.136	5.292	0.822	0.317	0.354	-0.147				8.997	7.676	1.453	0.408	-0.097	-0.144												PPI
0.968	10.305	Cebpb	Actb	8.660	10.305	2.686	0.691	2.478	3.056	2.884	0.450		1.145	-0.134			0.427	5.873	3.598	1.817		0.165	-0.412												Metabolic
1.000	14.633	Hdac3	MYC	14.633	10.541	5.134	-1.577	2.359	7.136	5.292		0.000	-0.241	0.087				8.937	5.477	-0.182	0.098	0.080	1.133												PPI
1.000	16.639	Hdac1	Jun	16.639	11.805	5.502	2.798	1.663	8.764	5.292	1.080	0.000	0.315	-0.147			-0.328	6.878	5.187	1.166	0.915	0.080	-0.144		6.889	0.769									PPI
0.989	11.370	Sp1	Msh6	8.826	8.046	2.632	11.370	-0.189	8.181	1.877	2.030	-0.110	-0.213				-0.206	2.234	10.186	0.772	0.327				0.010	-0.793		-0.439		-0.010					Complex
1.000	21.856	Hdac1	Smarca4	21.856	17.357	8.428	14.476	4.548	11.435	5.292	0.000	-0.490	0.983	0.087			0.000	7.558	17.003	1.062	1.132				3.479	1.791		2.097	1.404	0.641			-0.736		PPI
0.998	13.107	Klf4	Kat5	13.107	9.593	3.717	0.109	1.258	5.840	5.292	0.871		-0.241	0.087				7.391	5.276	-0.210	0.127		-0.144			0.108									PPI
0.865	8.764	Smc4	Sirt6	5.450	8.764	0.517	-0.557	4.663	-0.150	2.884	1.513		-0.088	-0.057				0.083	4.054	-0.402	0.854	0.079				3.956	-0.089		1.797						Metabolic
0.999	13.905	MYC	Actb	13.905	11.137	4.226	1.483	2.337	5.840	5.292	0.719	-0.490	0.354	-0.147				7.245	6.388	1.663	0.749	0.080	-0.144							0.000					PPI
1.000	14.613	Trp53	Creb1	14.613	9.354	6.914	-0.918	1.711	7.083	5.292	0.933	0.000	-0.858	-0.147			0.599	8.840	5.865	0.350	0.599		-0.144				0.000								PPI
0.998	12.993	Smc4	Ppp1ca (1 of 2)	8.534	12.993	0.343	2.716	3.770	1.785	2.884	3.201	0.093	0.291	0.064			0.904	5.339	7.029	0.774			0.611		0.894	2.688		-1.869	-1.387	-0.493			0.972		Metabolic
0.885	8.952	Klf4	Creb1	5.461	5.446	2.025	8.952	0.383	6.752	1.877	-0.088	0.027						0.372	8.399	0.341	-0.237		-0.428											-0.350	Complex
0.960	10.091	Smarcc1	Lrpprc	8.890	10.091	1.074	2.571	2.530	1.867	1.417	0.945		1.008	0.904			1.419	4.924	4.554	-0.327	1.886	-0.270			1.721										Metabolic
0.995	12.176	Smarca4	Ep400	8.084	11.941	4.862	12.176	2.625	6.752	1.877	0.795	-0.179	0.176			0.128		0.723	9.495	2.448	0.346				0.251	-0.859									Complex
0.995	12.115	Hdac3	Suz12	12.115	9.783	5.102	-0.962	2.175	5.789	3.526		-0.490	1.027	0.087				6.527	3.280		0.731	0.648			2.042										PPI
0.985	11.065	Ppp1ca (2 of 2)	Actl6a	9.724	11.065	1.517	5.311	3.479	1.867	2.884	1.613	-0.246	0.523	0.064		-0.517	1.397	5.359	5.292	3.355			-0.412		1.507	1.101			-1.944					0.216	Metabolic
0.915	9.290	Suz12	Smarca4	9.290	8.127	1.513	-1.765	1.420	1.888	5.292	0.719	0.000	1.027	0.087			-1.142	2.370	6.380		0.876				1.837		0.000		-1.003						PPI
0.983	10.955	Trp53	Cebpb	10.955	7.615	5.168	-2.717	1.979	5.787	5.292	-1.003	0.000	-0.858	0.087			-0.328	7.154	3.139	0.523			0.367												PPI
1.000	17.760	Smarca4	Actb	17.760	13.909	5.761	3.929	1.565	10.736	3.526	2.005	0.000	0.983	0.087			-1.142	8.217	5.937	2.493	0.749				8.354	0.204		2.429	-1.302	-1.185			0.799		PPI
0.839	8.561	Tbp	Ep400	8.561	6.760	0.139	-0.356	2.808	-1.073	5.292	0.719	0.317	0.644	-0.147				0.469	6.536	2.069	-0.207	-0.097			1.932	-0.702									PPI
1.000	15.410	Npm1	Actb	15.410	11.697	3.192	4.306	2.736	5.070	5.292	0.000	0.317	0.644	-0.147			1.497	8.683	7.439	1.398	1.340	-0.175	-1.827		0.908										PPI
1.000	23.233	Hdac1	Sp1	23.233	13.823	7.131	12.029	2.517	12.870	5.292	2.204	0.317	-0.654	0.087			0.599	11.920	16.800	1.292	0.652		-0.144		1.641	-0.743		1.400		0.000					PPI
0.982	10.894	Tbp	Actl6a	10.894	9.761	1.276	0.392	4.856	-1.073	5.292	1.267	0.000	1.027	-0.147			-0.328	0.303	8.402	3.805	1.209	1.825	-0.144		3.071	2.211			0.455					1.042	PPI
0.994	12.093	Trp53	Hdac3	12.093	9.711	4.907	-1.708	1.819	7.136	3.526		0.000	-0.241	-0.147				8.809	3.558	-0.182	-0.270		0.240												PPI
1.000	17.277	Npm1	Lrpprc	17.277	15.405	5.463	4.065	5.047	3.831	3.526	0.933	0.000	1.027	0.087			2.827	9.280	8.756	-1.033	1.697	-0.097			2.392										PPI
1.000	16.267	Smarca4	Msh6	13.147	16.267	8.000	13.944	4.977	4.356	2.884	2.883		0.617	-0.057		1.408	-0.800	3.254	11.507	2.075	3.526				2.332	2.291	0.082	3.058	2.484	-0.226			-0.835		Metabolic
0.991	11.647	Ppp1ca (2 of 2)	Npm1	8.392	11.647	2.291	4.297	4.631	2.523	1.417	0.450		0.460	0.064			2.102	6.935	3.683	3.494			-0.517		1.271										Metabolic
0.837	8.544	Hdac3	Lrpprc	8.544	7.930	2.414	-1.320	3.701	-1.073	5.292		-0.490	1.027	0.087				0.735	6.546	0.448	-0.270	0.773			3.104										PPI
0.984	11.050	Hdac3	Sp1	11.050	9.187	4.032	-0.661	2.207	5.840	3.526		0.000	-0.610	0.087				7.258	2.365	-0.182			0.367		1.841										PPI
0.994	12.041	Hdac3	Kat5	12.041	10.126	4.211	-0.139	2.541	5.094	3.526			1.027	-0.147				6.739	5.150	0.000	0.599		1.133		1.363										PPI
0.999	14.383	Tbp	MYC	14.383	10.077	3.767	1.393	1.952	7.136	5.292	1.080	0.317	-0.241	-0.147		-1.007		8.457	5.357	1.789	0.857	-0.242	0.240												PPI
0.985	11.113	Hif1a	Hdac3	11.113	7.935	4.595	-1.304	1.826	7.136	2.305		0.000	-0.241	0.087				8.407	2.365	-0.182	0.599	-0.097	0.240												PPI
0.999	14.179	Npm1	MYC	14.179	13.290	6.724	-2.338	4.885	5.840	3.526	0.933	0.000	-0.858	-0.147				7.863	7.164	2.956	1.007	0.080	-0.144												PPI
0.894	9.040	Cebpb	Smarca4	9.040	8.032	3.779	-3.466	-0.679	7.136	3.526	-1.150	0.000	0.354	-0.147				6.283	1.685	0.152															PPI
1.000	15.124	Hdac1	Msh6	13.569	15.124	3.901	14.496	4.962	3.076	2.884	3.201		0.511	-0.057		-0.517	1.065	3.318	13.016	1.119	1.001	-0.270			1.923	1.408		-1.653	2.461	0.078			0.523		Metabolic
1.000	20.597	Ppp1ca (1 of 2)	Actb	17.987	17.845	5.190	20.597	3.735	8.123	1.877	3.264	0.074	0.562		0.000	0.300	2.664	6.382	11.366	2.507			-0.428		1.008	-0.108		3.089	-0.803	-0.010			1.994	-0.399	Complex
0.918	9.325	Smc4	Trp53	7.075	9.325	2.214	-0.613	3.350	2.538	2.884	0.273		-0.088	-0.057			0.427	5.235	2.632	1.867	0.209		-0.239				0.617								Metabolic
0.999	13.711	MYC	Suz12	13.711	8.131	5.357	-1.270	2.034	5.840	5.292	0.933	0.000	-0.241	-0.147				5.424	7.590		0.842	0.080					0.000								PPI
1.000	17.894	Ruvbl2	Ezh2	17.894	12.234	4.292	8.492	4.864	7.379	5.292	1.076	0.000	-0.241	-0.147			-0.328	-0.512	17.979	0.107	0.976		0.519		1.741	1.567			0.473						PPI
1.000	17.260	Kat5	Smarca4	17.260	16.107	5.762	11.532	2.130	9.500	3.526	1.267		0.983	-0.147				6.402	12.968	0.955	2.031				1.303	2.251		1.622		0.641					PPI
1.000	23.562	Smarcc1	Actl6a	23.562	18.485	8.204	16.479	3.132	10.842	5.292	1.627	0.788	1.027	-0.147			1.001	9.520	17.752	2.643	1.452	-0.242	0.367		10.246	0.194									PPI
1.000	21.775	Actl6a	Ep400	21.775	13.464	6.868	8.944	2.762	10.997	5.292	0.822	0.788	1.027	0.087				8.365	16.549	2.161	0.151	-0.242			2.346	-0.936									PPI
0.937	9.605	Sirt1	Actl6a	9.605	8.056	1.951	-1.313	3.474	-1.073	5.292	0.822	0.788	0.449	-0.147			0.000	1.559	8.650		0.876	-0.242	-0.144		1.702	1.721									PPI
0.833	8.513	Creb1	Actb	8.513	6.157	1.659	0.115	2.411	-1.076	5.292	1.080	0.000	0.354	-0.147			0.599	1.441	7.536	0.667	0.749	0.080	-0.144											-0.203	PPI
0.999	14.413	Smarcc1	Ep400	13.196	10.665	4.389	14.413	2.185	8.765	1.877	0.941	0.471	0.626			-0.452		3.937	9.081	2.115	0.063	-0.219			0.875	-0.297									Complex
1.000	25.153	Suz12	Ezh2	25.153	14.523	9.879	10.145	2.394	13.927	5.292	1.977	0.317	1.027	1.249			-1.031	10.448	18.517		0.976	0.080			10.150				8.736						PPI
0.985	11.095	Hif1a	Max	11.095	8.477	3.828	-1.797	1.883	5.840	3.526		0.000	-0.241	0.087		0.000		7.416	3.419	0.770	0.520		-0.351			0.531									PPI
1.000	14.852	Trp53	Kat5	14.852	9.367	6.562	-0.287	2.115	8.317	5.292	-0.483		-0.241	-0.147				9.807	4.199	1.149	0.550		0.519												PPI
0.941	9.675	Sirt1	Msh6	9.675	9.113	2.450	-0.165	4.332	-1.073	5.292	0.719	0.317	0.000	0.087			0.000	0.312	9.222		2.151	-0.242			1.316	1.745									PPI
0.992	11.701	Kat5	Msh6	8.306	11.701	1.615	-0.337	5.833	-0.310	2.884	2.287		0.942	0.064				0.267	6.770	0.908	2.201				2.056	5.168		-1.602		-0.226					Metabolic
0.999	14.210	Klf4	Hdac1	14.135	11.200	4.410	14.210	2.003	8.389	1.877	1.914	0.027						3.849	10.819	1.800	-0.183		0.000			-0.248								-0.399	Complex
1.000	20.714	Brd8	Actl6a	20.714	15.427	5.714	15.325	4.353	7.827	5.292	1.211	0.317	1.027	0.087			0.599	6.984	14.348	3.662	0.647	-0.097			2.767										PPI
0.967	10.291	Tcp1	Smarca4	7.885	10.291	0.949	-1.126	4.983	-0.310	2.884	2.883	0.093	0.494	0.064			-0.800	0.670	8.426	2.608	2.205				2.588	1.459	-0.089	-0.519	1.000	-0.493			-1.106		Metabolic
0.991	11.607	Klf4	Smarcc1	7.636	7.859	2.478	11.607	1.851	6.758	1.877	0.941	0.180						0.769	9.557	1.731	0.264		-0.428			0.281									Complex
1.000	21.029	Hdac1	Smarcc1	21.029	16.877	8.726	17.645	3.013	9.123	5.292	0.858	0.317	1.338	0.087			1.001	9.910	14.529	1.318	0.408	-0.242	-0.144		3.706	0.204									PPI
1.000	18.466	Brd8	Ep400	18.466	13.458	5.166	12.592	3.008	7.827	5.292	0.437	0.788	1.027	0.087		0.000		6.520	13.620	2.956	0.127	-0.097			1.984										PPI
0.859	8.713	Sirt1	Brd8	8.713	6.376	1.000	-2.165	2.733	-1.073	5.292	0.437	0.788	0.449	0.087				-0.163	8.543		0.496	-0.175	0.310		1.570										PPI
0.972	10.472	Sirt1	Npm1	10.472	8.592	4.043	0.256	2.117	3.831	2.305	0.437	0.788	1.142	-0.147			0.000	5.681	5.379		1.209	0.080	-0.144		0.086										PPI
0.856	8.689	Sirt6	Kat5	7.311	8.689	0.868	-0.038	4.008	-0.150	2.884	1.378		0.704	-0.134				1.805	5.433	2.714	2.127					3.464									Metabolic
0.970	10.368	Smc4	Npm1	7.884	10.368	3.689	2.573	5.296	1.867	1.417	0.273		0.694	-0.134			0.956	5.888	5.607	2.257	1.234	-0.179	-0.412		2.521										Metabolic
1.000	20.536	Hdac1	Tcp1	20.536	20.296	6.413	7.595	5.421	7.837	3.526	2.117	0.000	0.337	-0.147			1.446	7.451	9.601	1.454	0.768	-0.242	-0.144		4.529	1.791		1.947	6.182	0.000			0.749	-0.203	PPI
1.000	20.500	Ppp1ca (2 of 2)	Hdac1	20.500	17.973	5.662	15.771	2.916	8.149	5.292	2.117	-0.490	0.983	0.087			1.446	5.932	16.749	2.266			0.240		0.076	1.405		2.418	0.460	-1.185			-0.293	-0.404	PPI
0.975	10.552	Npm1	Smarca4	8.830	10.552	1.484	-0.345	3.934	3.602	1.417	0.203		1.333	0.064			0.000	4.979	3.970	-0.299	1.780				3.246										Metabolic
1.000	18.523	Ruvbl2	Ppp1ca (1 of 2)	18.523	15.473	5.519	7.940	3.346	6.638	5.292	2.117	-0.490	0.360	0.087		0.000	1.172	9.157	9.372	2.615			0.240		1.948	-0.828		1.491	-0.980	-1.185			-0.736	1.175	PPI
1.000	21.451	Tcp1	Actb	19.813	14.993	7.266	21.451	3.168	9.870	1.877	3.704	-0.232	0.160		0.000	-0.452	3.358	5.410	13.725	5.196	1.262	-0.238	0.572		0.128	0.709		2.458	0.459	-0.010			0.000	0.652	Complex
0.834	8.525	Suz12	Sirt6	8.525	6.433	0.958	-2.363	2.501	-1.022	5.292	1.123	0.000	0.778	-0.147				-0.965	7.327		0.876	-0.097					0.000		1.964						PPI
1.000	17.119	Ruvbl2	Smarca4	13.441	13.646	3.632	17.119	2.984	9.543	1.877	2.525	0.097	0.093					3.496	12.982	0.507	1.618				1.524	0.451		1.396	0.719	-0.010			-0.247		Complex
1.000	25.032	Hdac1	Ezh2	25.032	18.799	8.525	14.547	5.214	13.046	5.292	1.076	0.000	0.644	0.087			-0.328	8.845	18.974	1.700	2.333	0.080	0.240		11.486	1.346			4.779						PPI
1.000	16.382	Hdac1	Tbp	16.382	10.400	4.559	-0.088	4.110	6.597	5.292	0.000	0.000	-0.303	0.087			0.599	8.406	5.921	2.002	0.916	-0.097	0.240		2.943	1.147		2.228	-0.971				-0.736	-0.203	PPI
1.000	14.565	Npm1	Tcp1	14.458	14.565	4.692	4.939	5.234	3.054	2.884	0.273		1.008	-0.134			2.247	5.963	8.363	3.253	1.883	1.169	0.050		3.595										Metabolic
1.000	18.850	Kat5	Actl6a	18.850	14.287	5.688	12.987	3.594	9.511	5.292	0.581		1.027	-0.147		-1.007		8.540	13.142	2.356	1.340		0.367		1.452	2.029									PPI
0.984	11.025	Hdac3	Jun	11.025	8.260	4.209	-1.113	1.542	5.789	3.526		0.000	0.315	-0.147				6.465	3.134	-0.182	-0.270	-0.097	-0.144		1.380										PPI
1.000	18.883	Tbp	Smarca4	18.883	13.012	4.829	9.777	1.889	9.553	5.292	2.005	0.000	0.292	-0.147				4.621	15.634	0.547	1.007				1.407	0.882		1.761	-0.838				-0.293		PPI
0.999	14.289	Jun	Creb1	14.289	6.374	6.151	4.385	0.494	9.606	5.292	0.933	0.000	-0.858	-0.147		0.000	-1.031	5.006	12.254	-0.438	0.875	-0.175	-0.144				0.312								PPI
0.996	12.308	Hdac1	Max	12.308	10.210	3.924	-0.508	1.976	5.766	3.526		0.000	0.354	0.087			0.599	7.628	4.288	1.241	-0.414		0.240		-0.038	0.882									PPI
1.000	14.890	Smc4	Tcp1	11.956	14.890	3.397	5.660	5.288	1.785	2.884	3.201	0.093	0.265	0.064			1.310	4.182	8.364	0.614	0.804	0.701	0.249		2.618	1.715	-0.089	-1.532	5.579	-0.226			-1.435		Metabolic
0.997	12.822	Hif1a	Jun	12.822	9.028	4.983	-1.530	2.286	7.136	2.305	0.933	0.317	-0.241	0.087				8.451	2.768	1.344	0.344	-0.097	-0.144			1.675	0.000								PPI
0.990	11.549	Npm1	Ppp1ca (1 of 2)	8.371	11.549	1.967	3.923	4.631	2.523	1.417	0.450		0.523	0.064			1.942	6.935	3.443	3.494			-0.517		1.271										Metabolic
1.000	18.255	Msh6	Actl6a	15.691	14.869	4.788	18.255	3.348	8.765	1.877	2.083	0.116	0.347				1.721	5.499	12.432	2.225	1.451	0.985			0.403	0.588			1.826						Complex
1.000	20.389	Kat5	Ep400	20.389	12.216	7.099	10.479	2.026	10.692	5.292	0.719		1.573	0.087				9.447	13.837	1.624	0.581				2.069	-0.899									PPI
0.999	13.484	Sp1	Smarca4	13.484	10.944	5.044	11.588	2.542	8.071	3.526	0.619	-0.490	0.272	0.087			-1.142	6.916	1.654	0.917	0.647				2.545	-0.555		2.939		0.000					PPI
0.866	8.773	Smc4	Kat5	6.818	8.773	0.731	-1.419	3.828	-0.310	2.884	2.287	-0.246	0.265	0.064				0.925	5.341	-0.811	1.236		0.214		1.957	3.314		0.761		0.078					Metabolic
0.999	13.646	Hif1a	Trp53	13.646	7.946	9.920	-0.588	2.277	7.136	3.526	1.394	0.317	-0.858	-0.147				8.619	3.393	1.660	-0.216		0.367				0.000								PPI
1.000	16.674	Smarcc1	Ruvbl2	11.104	13.503	3.678	16.674	1.940	8.765	1.877	2.083	0.065	0.347				1.599	5.095	10.646	1.438	1.468		0.379		0.303	-0.558									Complex
0.990	11.464	Cebpb	Sp1	11.464	6.605	5.127	-4.419	2.323	7.083	5.292	-1.198	0.000	-0.858	-0.147			-1.031	8.414	2.816	-1.125			-0.144												PPI
1.000	16.531	Ppp1ca (1 of 2)	Lrpprc	5.203	6.887	0.630	16.531	1.204	8.787	1.877	1.528	-0.078	0.372				2.842	6.290	10.064	0.862					0.569				-0.208					0.209	Complex
0.918	9.321	Ezh2	Ep400	7.304	7.286	2.635	9.321	0.465	5.708	1.877	0.979	0.116	0.176					0.177	8.709	0.149	0.000	-0.159			0.208	-0.448									Complex
0.886	8.954	Sirt6	Ezh2	8.954	7.516	0.469	-0.239	2.346	-1.022	5.292	2.587	0.317	0.354	0.087		-1.007		-0.730	8.168	-0.793	0.731	-0.242				1.482			1.106						PPI
0.993	11.931	Sirt1	Creb1	11.931	9.008	2.831	-1.423	2.233	3.882	5.292	0.437	0.000		0.087				5.789	6.862		0.842	0.080	-0.144												PPI
1.000	19.909	Hdac1	Actl6a	19.741	18.866	4.811	19.909	3.314	8.742	1.877	2.083	0.065	0.372				3.457	8.074	14.077	2.288	0.928	-0.118	0.000		1.233	1.762			1.733					-0.377	Complex
0.999	13.900	Hdac1	Hif1a	13.900	11.732	5.694	1.202	2.434	7.136	3.526	0.000	0.317	0.399	0.087				9.032	3.795	1.765	0.830	0.080	-0.601			0.195									PPI
0.999	14.499	Trp53	Smarcc1	14.499	10.965	4.950	-0.736	2.434	7.136	3.526	0.000	0.317	0.399	0.087			0.599	9.851	4.493	1.369	0.470		-0.144												PPI
0.972	10.469	Ezh2	Actl6a	9.928	10.469	1.520	-1.514	5.365	-0.154	2.884	1.456	0.093	0.811	-0.057			0.071	2.374	9.060	1.158	0.020	0.286	0.310		3.018	1.816			1.309						Metabolic
0.999	13.984	Smc4	MYC	13.984	11.550	6.530	0.394	2.750	7.136	3.526	0.719	0.000		-0.147				8.935	5.282	0.994	1.628	-0.242	0.240				0.000			0.000					PPI
1.000	20.456	Sirt1	Kat5	20.456	14.990	7.931	10.636	3.875	10.060	5.292	0.000		1.142	0.087				8.678	12.832		1.175		-0.144		4.122	1.567									PPI
0.934	9.551	Sirt6	Msh6	9.551	8.673	-0.526	0.049	3.100	-1.022	5.292	1.550	0.000	0.778	-0.147				-1.497	7.129	-0.405	1.804	-0.242				1.679	0.000		2.194						PPI
1.000	17.836	Sirt1	Trp53	17.836	9.518	6.902	7.020	0.969	10.968	5.292	0.437	0.317		-0.147				9.311	13.345		-0.216		-0.144												PPI
0.862	8.741	Jun	Actl6a	8.741	6.890	1.249	-1.211	2.831	-1.073	5.292	0.822	0.317	1.027	-0.147			-0.328	-0.148	6.739	1.189	0.344	0.648	-0.144		1.541	1.494									PPI
0.999	13.540	Smc4	Suz12	13.540	10.065	3.926	7.589	3.105	6.471	3.526	0.719	-0.490	0.449	0.087			-0.328	0.103	12.657		1.175	-0.097			2.036		0.000		0.735						PPI
0.999	14.095	Hdac1	Ep400	10.930	9.651	3.628	14.095	1.409	8.765	1.877	1.528	-0.110	0.626					3.610	9.806	1.263	-0.055	-0.089			0.701	-0.540									Complex
0.992	11.770	Ezh2	Msh6	10.058	11.770	2.479	9.349	5.173	1.455	2.884	1.580		0.960	0.064		-0.517	0.170	1.231	10.575	0.859	1.324	-0.130			1.604	3.154	1.066		0.924						Metabolic
1.000	18.167	Ruvbl2	Kat5	17.031	16.523	7.241	18.167	2.750	9.910	1.877	2.525	0.097	1.008					5.181	11.866	2.386	1.452		0.000		0.393	1.037		2.302		-0.010					Complex
1.000	15.773	Klf4	Sp1	15.773	10.690	5.864	12.627	1.299	8.747	5.292	1.123	0.317	-0.858	-0.147				6.989	5.203	6.113	0.496		-0.144			0.843									PPI
1.000	18.763	Ppp1ca (2 of 2)	Ruvbl2	18.763	15.754	5.519	7.939	3.346	6.638	5.292	2.117	-0.490	0.601	0.087		0.000	1.172	9.157	9.681	2.615			0.240		1.948	-0.828		1.491	-0.980	-1.185			-0.736	1.175	PPI
1.000	18.581	Trp53	Npm1	18.581	12.109	8.163	9.178	3.083	11.409	2.305	0.933	0.000	0.399	-0.147			0.599	10.856	11.850	2.413	0.098		0.367												PPI
1.000	17.198	Hdac1	Smc4	17.198	16.802	5.062	0.831	5.631	5.367	3.526	2.117	-0.490	0.360	0.087			0.599	9.397	8.003	1.249	2.787	0.080	0.240		3.462	2.385		-2.320	-0.262	0.000			-0.736		PPI
0.999	14.400	Ppp1ca (2 of 2)	MYC	14.400	9.516	2.534	1.144	2.887	5.145	5.292	1.080	-0.490	0.399	0.087				6.945	7.722	1.865			0.240							0.000					PPI
1.000	17.660	Max	MYC	17.660	11.804	9.059	8.147	1.983	12.126	3.526		0.000	-0.858	0.087		0.796		10.163	11.799	1.319	0.876		0.240												PPI
1.000	16.713	Hdac1	Creb1	16.713	13.750	6.172	14.931	3.740	6.640	5.292	0.000	0.000	0.354	0.087			0.599	9.910	4.090	0.774	2.787	-0.175	-0.144											-0.620	PPI
0.997	12.843	Ruvbl2	Lrpprc	12.406	12.843	0.216	4.919	5.466	2.534	1.417	1.145		0.275	0.064			1.942	7.941	2.741	-0.610	1.623				2.473				1.415					3.504	Metabolic
0.996	12.420	Klf4	Trp53	12.420	7.291	4.278	-1.346	3.311	5.787	5.292	-1.198	0.000	-0.858	0.087				8.567	2.929	1.830			-0.144				0.312								PPI
1.000	19.451	Hdac1	Kat5	19.451	14.145	8.104	3.369	3.763	7.934	5.292	1.314		1.294	-0.147				9.168	7.805	1.421	1.011		0.240		3.483	1.346		3.476		0.641					PPI
1.000	17.432	Lrpprc	Actb	6.182	10.429	2.720	17.432	1.969	8.764	1.877	1.154	0.097	0.347				3.225	6.329	11.934	-0.240	1.262	-0.058			0.424				-0.464					-0.107	Complex
0.997	12.660	Trp53	Actb	12.660	10.928	4.442	1.441	4.064	5.787	3.526	0.000	0.000	-0.241	-0.147			-0.328	7.242	2.991	3.501	0.098		-0.601												PPI
0.999	14.006	Msh6	Ep400	11.404	10.959	3.218	14.006	2.488	8.765	1.877	1.154	-0.059	-0.346			0.128		3.588	9.586	2.558	0.346	-0.089			-0.490	-0.671									Complex
0.996	12.340	Suz12	Creb1	12.340	7.847	6.599	-3.321	2.440	5.840	3.526	0.933	0.000	0.778	-0.147			-1.031	6.029	6.447		1.680	-0.175													PPI
0.964	10.207	Smc4	Lrpprc	6.811	10.207	0.716	3.041	2.363	1.867	2.884	1.145		0.464	0.064			1.419	4.532	5.460	-1.053	0.737	-0.270			2.489		-0.380		0.529						Metabolic
1.000	19.797	Ppp1ca (1 of 2)	Tcp1	10.438	13.393	2.176	19.797	2.600	8.200	1.877	3.264	0.089	0.606			0.196	2.965	5.924	12.771	2.192			-0.428		0.956	1.004		0.654	0.105	-0.010			0.000	0.289	Complex
0.998	12.923	Lrpprc	Msh6	9.285	12.923	2.622	3.483	3.769	2.534	2.884	1.145		0.811	0.361			1.419	4.670	7.404	-0.704	1.815	-0.093			0.980		-0.243		1.874						Metabolic
1.000	15.491	Sp1	Creb1	15.491	6.976	5.209	5.106	2.399	8.145	5.292	0.437	0.317	-0.858	0.087			-0.328	0.524	14.893	1.271	0.127		-0.144												PPI
0.993	11.841	Sp1	Kat5	11.841	9.417	5.401	1.777	0.162	5.644	5.292	0.619		0.272	-0.147				5.286	5.301	0.289	0.833		-0.144		1.350	-0.683		4.157		-1.185					PPI
0.995	12.197	Klf4	Msh6	6.020	7.288	0.541	12.197	1.694	6.758	1.877	1.914	-0.046						-0.389	10.266	1.723	0.103					-0.313									Complex
0.990	11.528	Hdac3	Actl6a	6.025	11.528	3.889	11.065	5.216	2.317	2.884			1.046	0.064				2.312	6.663	-0.150	-0.199	1.103	-0.412		5.003										Metabolic
0.989	11.406	Hdac3	Ruvbl2	4.703	9.590	4.027	11.406	2.341	6.752	1.877		0.065	0.372					1.031	9.758	-0.255	0.853		0.000		1.524										Complex
0.898	9.083	Hdac3	Ep400	5.310	7.591	2.903	9.083	1.011	5.708	1.877		0.116	0.372					1.180	7.139	-0.255	-0.086	-0.113			0.621										Complex
0.979	10.762	Hif1a	Sp1	10.762	7.442	3.754	-0.703	1.749	7.136	1.243	0.000	0.788	-0.241	0.087				8.303	2.555	1.600	0.127		-0.144			-0.702									PPI
0.865	8.766	Klf4	Tbp	8.766	6.311	-1.133	0.033	2.146	-1.022	5.292	1.076	0.788	0.399	0.087				0.260	6.955	2.102	0.127		-0.144			-0.699								1.094	PPI
0.999	13.833	MYC	Tcp1	13.833	10.762	3.273	1.410	3.449	5.145	5.292	0.719	0.000	-0.858	0.087				5.555	7.390	1.857	0.857	0.648	-0.144				0.000			0.000					PPI
0.961	10.125	Hdac3	Msh6	4.906	7.261	1.855	10.125	2.120	5.708	1.877		-0.057	0.176			0.300		0.271	8.458		0.370	1.750			0.395										Complex
0.997	12.653	Klf4	Actl6a	7.070	9.222	2.535	12.653	2.944	6.758	1.877	1.047	0.027						1.844	10.016	2.110	0.103		-0.234			0.697								-0.278	Complex
0.975	10.554	Lrpprc	Actl6a	9.504	10.554	2.923	3.519	3.684	1.867	1.417	0.945		1.008	0.064			1.568	4.693	5.025	-0.472	1.682	-0.179			1.143				2.420					2.629	Metabolic
1.000	15.431	Hdac1	Actb	15.431	11.162	3.283	2.360	2.263	5.896	5.292	0.000	0.000	1.294	0.087			0.599	7.918	6.391	2.301	-0.207	0.080	0.367		2.209	-0.229		3.143	-0.753	-1.185			-0.293	-0.203	PPI
0.998	13.157	Ppp1ca (2 of 2)	Smc4	8.936	13.157	0.667	3.521	3.774	1.785	2.884	3.201	0.093	0.291	0.064			1.065	5.339	7.821	0.774			0.611		0.894	2.688		-1.869	-1.387	-0.493			0.972		Metabolic
